source_column,source_name,clean_name,label,question_en,question_ne,form_type,relevant
2,consent_agree,consent_agree,Consent to participate,"Do you understand the information I have provided, and do you agree to participate in this survey?",मैले दिएको जानकारी तपाईंले बुझ्नुभयो र यस सर्वेक्षणमा सहभागी हुन सहमत हुनुहुन्छ?,select_one yes_no,
3,screener,screener,Eligible: age 18-35 and student at sampled institution,Are you currently between the age of 18-35 and are a student at this college/university.,के तपाईं हाल १८–३५ वर्ष उमेर समूहमा पर्नुहुन्छ र यस कलेज/विश्वविद्यालयमा अध्ययनरत विद्यार्थी हुनुहुन्छ?,select_one screener,${consent_agree} = '1'
5,interview_date,interview_date,Interview date,Interview date,अन्तर्वार्ता मिति,date,
6,interview_time,interview_time,Interview time,Interview time,अन्तर्वार्ता समय,time,
7,Interviewer_Name,interviewer,Interviewer,Interviewer Name,गणकको  नाम ,select_one xq9zw28,
8,Province,province,Province (explicit codes follow supplied choice-list order),Province,प्रदेश ,select_one ar01j09,
9,local_government,local_government,Local government,Local Government,"गाउपलिका, नगरपालिका र  पालिका को नाम   ",text,
10,ward,ward,Ward number,Ward,वडा,text,
13,age,age,1.1 Age in completed years,1.1 What is your age?,१.१ हजुरको उमेर कति हो?,integer,
14,gender,gender,1.2 Gender,1.2 What is your Gender?,१.२ हजुरको लिंग के हो?,select_one gender,
15,gender_other,gender_other,"1.2 Gender: other, specified",Please specify,कृपया उल्लेख गर्नुहोस्,text,${gender} = '3'
16,education,education,1.3 Current education level and year,1.3 What is the highest level of education you are currently pursuing?,१.३ तपाईंले हाल अध्ययन गर्नु भएको  उच्चतम शैक्षिक तह कुन हो ?,select_one education,
17,edu_school,edu_school,1.3.1 SLC/SEE school: private or public,1.3.1 Did you attend a private or public school for your SLC/SEE education?,१.३.१ तपाईंले एसएलसी/एसईई तहमा निजी वा सरकारी/सार्वजनिक विद्यालयमध्ये कुनमा अध्ययन गर्नुभएको थियो?,select_one private_public,${education} != '-99'
18,edu_plus2,edu_plus2,1.3.2 Plus-two institution: private or public,1.3.2 Did you attend a private or public institution for your +2 education?,१.३.२ तपाईंले +२ तहमा निजी वा सरकारी/सार्वजनिक शैक्षिक संस्थामध्ये कुनमा अध्ययन गर्नुभएको थियो?,select_one private_public,${education} != '-99'
19,edu_bachelors,edu_bachelors,1.3.3 Bachelor's institution: private or public,1.3.3 Did you attend a private or public institution for your Bachelor's degree?,१.३.३ तपाईंले स्नातक तहमा निजी वा सरकारी/सार्वजनिक शैक्षिक संस्थामध्ये कुनमा अध्ययन गर्नुभएको थियो?,select_one private_public,${education} = '6' or ${education} = '7' or ${education} = '8'
20,edu_masters,edu_masters,1.3.4 Master's or higher institution: private or public,1.3.4 Did you attend a private or public institution for your Master's degree or above?,१.३.४ तपाईंले स्नातकोत्तर वा सोभन्दा माथिको तहमा निजी वा सरकारी/सार्वजनिक शैक्षिक संस्थामध्ये कुनमा अध्ययन गर्नुभएको थियो?,select_one private_public,${education} = '6' or ${education} = '8'
21,_1_4_What_is_your_caste_ethnicity,ethnicity,1.4 Caste/ethnicity,1.4 What is your caste/ethnicity?,१.४ तपाई को जात/जातियता के हो?,select_one cp3qw00,
22,religious_belief,religious_belief,1.5 Considers self a person with religious beliefs,1.5.  Do you consider yourself a person with religious beliefs?,१.५ आफूलाई धार्मिक आस्था भएको व्यक्ति मान्नुहुन्छ?,select_one yes_no_unsure,
23,_1_6_Which_religion_do_you_identify_with,religion,1.6 Religion,1.6 Which religion do you identify with?,१.६ तपाई को धर्म के हो ?,select_one hn9bp27,${religious_belief} = '1'
24,marital_status,marital_status,1.7 Marital status,1.7.  What is your marital status?,१.७ तपाईंको वैवाहिक अवस्था के हो?,select_one marital,
25,life_place,life_place,1.8 Urban/rural location of most of life,1.8.  Where have you spent most of your life in?,१.८ तपाईंले आफ्नो जीवनको अधिकांश समय कहाँ बिताउनुभएको छ?,select_one urban_rural,
26,family_abroad,family_abroad,1.9 Close family member has lived or lives abroad,1.9.  Have any of your close family member lived abroad or is currently living abroad?,१.९ तपाईंका नजिकका परिवारका कुनै सदस्य विदेशमा बस्नुभएको छ वा हाल विदेशमा बसिरहनुभएको छ?,select_one yes_no_pns,
27,family_returned,family_returned,1.9.1 Family member abroad returned permanently,1.9.1. Has he/she returned permanetly?,१.९.१ उहाँ सधै को लागि फर्केर आउनुभएको छ?,select_one yes_no_dk_pns,${family_abroad} = '1'
28,migration_plan,migration_plan,1.10 Plans to go abroad or stay in Nepal,1.10.  Are you planning to go abroad or stay in Nepal?,१.१० तपाईं विदेश जाने योजना बनाउँदै हुनुहुन्छ कि नेपालमै बस्ने?,select_one migration_plan,
29,abroad_purpose,abroad_purpose,1.10.1a Purpose of going abroad,1.10.1a.  Are you planning to study or work?,१.१०.१क  तपाईं अध्ययन गर्न जाने योजना बनाउँदै हुनुहुन्छ कि काम गर्न?,select_one abroad_purpose,${migration_plan} = '1'
30,nepal_plan,nepal_plan,1.10.1b Plans while staying in Nepal,"1.10.1b.  Are you planning to continue your study, seek a job or start your business?","१.१०.१ख तपाईं आफ्नो अध्ययनलाई निरन्तरता दिने, रोजगारी खोज्ने वा व्यवसाय सुरु गर्ने योजनामा हुनुहुन्छ?",select_one nepal_plan,${migration_plan} = '2'
33,q2_1,q2_1,2.1 Agreement: politics is central to living in Nepal,2.1. To what extent do you agree with the following statement? “Involvement on politics is central to living in Nepal”,२.१ तलका भनाइहरूसँग तपाईं कत्तिको सहमत हुनुहुन्छ? “नेपालमा जीवन बिताउन राजनीतिमा संलग्नता महत्वपूर्ण छ ।”,select_one agree5,
34,q2_2,q2_2,2.2 Frequency of following political news,2.2.  How often do you follow political news?,२.२ तपाईं राजनीतिक समाचार कत्तिको  हेर्नु वा पढ्नुहुन्छ?,select_one newsfreq,
35,q2_3,q2_3,2.3 Active involvement in politics/political organizations,2.3.  Have you been actively involved in politics/political organizations?,"२.३ के तपाईं राजनीतिमा वा राजनीतिक संस्थाहरूमा (जस्तै राजनीतिक दल, कलेज/विस्वविध्यालयको  संगठनहरु, दलको भात्री संगठन, टोल सुधार समिति हरु, युवा क्लभहरू)    सक्रिय रूपमा संलग्न हुनुभएको छ/हुनु हुन्छ ?",select_one yes_no_pns,
36,q2_4,q2_4,2.4 Voted in 2022 federal election,2.4.  Did you vote in the 2022 federal election? (Ask only for respondents above or equal to the age of 22),२.४ के तपाईंले २०७९ को प्रतिनिधिसभा निर्वाचनमा मतदान गर्नुभयो?,select_one vote,${age} >= 22
37,q2_4_1,q2_4_1,2.4.1 Reason for not voting: federal,2.4.1.  Why didn’t you vote?,२.४.१ तपाईंले किन मतदान गर्नुभएन?,select_one nonvote_reason,${q2_4} = '2'
38,Others_Please_Specify,q2_4_1_other,2.4.1 Other reason for not voting: federal,Others Please Specify,अरु कारण भए खुलाइदिनुहोला ,text,${q2_4_1} = 'others_please_specify'
39,q2_5,q2_5,2.5 Voted in 2022 provincial election,2.5.  Did you vote in the 2022 provincial election? (Ask only for respondents above or equal to the age of 22),२.५ के तपाईंले २०७९ को प्रदेशसभा निर्वाचनमा मतदान गर्नुभयो?,select_one vote,${age} >= 22 and ${q2_4} = '1'
40,q2_5_1,q2_5_1,2.5.1 Reason for not voting: provincial,2.5.1.  Why didn’t you vote?,२.५.१ तपाईंले किन मतदान गर्नुभएन?,select_one nonvote_reason,${q2_5} = '2'
41,Others_please_specify_001,q2_5_1_other,2.5.1 Other reason for not voting: provincial,Others please specify,अरु कारण भए खुलाइदिनुहोला ,text,${q2_5_1} = 'others_please_specify'
42,q2_6,q2_6,2.6 Voted in 2022 local election,2.6.  Did you vote in the 2022 local election? (Ask only for respondents above or equal to the age of 22),२.६ के तपाईंले २०७९ को स्थानीय तह निर्वाचनमा मतदान गर्नुभयो?,select_one vote,${age} >= 22
43,q2_6_1,q2_6_1,2.6.1 Reason for not voting: local,2.6.1.  Why didn’t you vote?,२.६.१ तपाईंले किन मतदान गर्नुभएन?,select_one nonvote_reason,${q2_6} = '2'
44,Others_please_specify_002,q2_6_1_other,2.6.1 Other reason for not voting: local,Others please specify,अरु कारण भए खुलाइदिनुहोला ,text,${q2_6_1} = 'others_please_specify'
46,q2_7,q2_7,2.7 Likelihood of voting in 2027 local elections,2.7.  How likely are you to vote in the upcoming 2027 local elections?,२.७ आगामी २०८४ को स्थानीय तह निर्वाचनमा तपाईंले मतदान गर्ने सम्भावना कत्तिको छ?,select_one future_vote,
47,q2_7_1,q2_7_1,2.7.1 Reason unlikely to vote in 2027 local elections,2.7.1.  Why are you unlikely to vote?,२.७.१ तपाईंले मतदान गर्ने सम्भावना कम हुनुको मुख्य कारण के हो?,select_one unlikely_reason,${q2_7} = '3' or ${q2_7} = '4'
50,q2_8_1,q2_8_1,2.8.1 Past 12 months: Attended campaign/rally,Attend a political campaign or election rally,राजनीतिक अभियान वा चुनावी सभामा सहभागी भएको,select_one civic_yes_no,
51,q2_8_2,q2_8_2,2.8.2 Past 12 months: Volunteered for party/campaign,Volunteered for a political party or election campaign,राजनीतिक दल वा निर्वाचन अभियानमा स्वयंसेवकका रूपमा काम गरेको,select_one civic_yes_no,
52,q2_8_3,q2_8_3,2.8.3 Past 12 months: Joined protest/demonstration,Participated in protest/demonstration,विरोध/प्रदर्शनमा सहभागी भएको,select_one civic_yes_no,
53,q2_8_4,q2_8_4,2.8.4 Past 12 months: Joined public meeting/discussion,Participated in a public meeting/ discussion,सार्वजनिक बैठक/छलफलमा सहभागी भएको,select_one civic_yes_no,
54,q2_8_5,q2_8_5,2.8.5 Past 12 months: Contacted elected representative,Contacted an elected representative to raise an issue,कुनै विषय उठाउन निर्वाचित प्रतिनिधिसँग सम्पर्क गरेको,select_one civic_yes_no,
55,q2_8_6,q2_8_6,2.8.6 Past 12 months: Joined ward user committee,Become a member of the user’s committee at your ward,आफ्नो वडाको उपभोक्ता समितिको सदस्य बनेको,select_one civic_yes_no,
56,q2_9,q2_9,2.9 Confidence in influencing government decisions,2.9.  How confident are you that people like you can influence government decisions?,२.९ हजुरको उमेर समुहको नागरिकहरुले  सरकारी निर्णयहरूमा प्रभाव पार्न सक्छन् भन्ने कुरामा तपाईं कत्तिको विश्वस्त हुनुहुन्छ?,select_one confidence,
59,q3_1_1,q3_1_1,Nepal instability cause: Government changes/party conflict,3.1.1  Frequent change in government and political conflict within and between parties causes political instability in Nepal.,३.१.१ सरकारमा बारम्बार हुने परिवर्तन तथा दलभित्र र दलहरूबीचको राजनीतिक द्वन्द्वले नेपालमा राजनीतिक अस्थिरता निम्त्याउँछ।,select_one agree5,
60,q3_1_2,q3_1_2,Nepal instability cause: Policy formulation failure,3.1.2 Inability of the government to formulate policies causes political instability in Nepal.,३.१.२ सरकारले नीति बनाउन नसक्दा नेपालमा राजनीतिक अस्थिरता निम्तिन्छ।,select_one agree5,
61,q3_1_2_001,q3_1_2_001,Nepal instability cause: Policy implementation failure,3.1.3 Inability of the government to implement its policies causes political instability in Nepal.,३.१.२ सरकारले नीति कार्यान्वयन गर्न नसक्दा नेपालमा राजनीतिक अस्थिरता निम्तिन्छ।,select_one vx7xv18,
62,q3_1_3,q3_1_3,Nepal instability cause: Corruption,3.1.4 Corruption causes political instability.,३.१.४ भ्रष्टाचारले राजनीतिक अस्थिरता निम्त्याउँछ।,select_one agree5,
63,q3_1_3_001,q3_1_3_001,Nepal instability cause: Lack of accountability,3.1.5 Lack of Accountability causes political instability.,३.१.५ पारदर्शिताको कमिले  राजनीतिक अस्थिरता निम्त्याउँछ।,select_one fx1wd71,
64,q3_1_4,q3_1_4,Nepal instability cause: Protests/violence/civic unrest,"3.1.6 Frequent public protests, demonstration, violence and civic unrest cause political instability.","३.१.६ बारम्बार हुने सार्वजनिक विरोध, प्रदर्शन, हिंसा र नागरिक अशान्तिले राजनीतिक अस्थिरता निम्त्याउँछ।",select_one agree5,
65,q3_1_5,q3_1_5,Nepal instability cause: Transfers of government officials,3.1.7 Frequent transfer of government officials causes political instability.,३.१.७ सरकारी अधिकारीहरूको बारम्बार सरुवाले राजनीतिक अस्थिरता निम्त्याउँछ।,select_one agree5,
66,q3_1_6,q3_1_6,Nepal instability cause: Conflict between government tiers,3.1.6 Conflict between different tiers of government causes political instability,"३.१.८ सरकारका विभिन्न तहबीचको (संघ, प्रदेश र स्थानीय) द्वन्द्वले राजनीतिक अस्थिरता निम्त्याउँछ।",select_one agree5,
67,q3_1_7,q3_1_7,Nepal instability cause: Foreign/external influence,3.1.7 Foreign/External influence causes political instability.,३.१.९ विदेशी/बाह्य प्रभावले राजनीतिक अस्थिरता निम्त्याउँछ।,select_one agree5,
68,q3_2,q3_2,3.2 Political stability of Nepal today,3.2.  How would you rate the political stability of Nepal today?,३.२ आजको अवस्थामा नेपालको राजनीतिक स्थिरतालाई तपाईं कसरी मूल्याङ्कन गर्नुहुन्छ?,select_one stability,
69,q3_3,q3_3,3.3 Nepal stability compared with one year ago,"3.3.  Compared to one year ago, Nepal is politically:",३.३ एक वर्षअघिको तुलनामा नेपालको राजनीतिक अवस्था:,select_one comparison,
70,q3_4,q3_4,3.4 Nepal stability compared with five years ago,"3.4.  Compared to five years ago, Nepal is politically:",३.४ पाँच वर्षअघिको तुलनामा नेपालको राजनीतिक अवस्था:,select_one comparison,
71,q3_5,q3_5,3.5 Expected Nepal stability in five years,"3.5.  Compared to now, in 5 years Nepal will be:",३.५ अहिलेको तुलनामा पाँच वर्षपछि नेपालको राजनीतिक अवस्था कस्तो हुनेछ?,select_one comparison,
73,q3_6,q3_6,3.6 Likelihood government changes within one year,3.6.  How likely do you think the government will change in the next one year?,३.६ आगामी एक वर्षमा सरकार परिवर्तन हुने सम्भावना कत्तिको छ भन्ने तपाईंलाई लाग्छ?,select_one likelihood,
74,q3_7,q3_7,3.7 Likelihood government changes before next federal election,3.7.  How likely do you think the government will change before the next federal election?,३.७ अर्को प्रतिनिधिसभा निर्वाचनअघि सरकार परिवर्तन हुने सम्भावना कत्तिको छ भन्ने तपाईंलाई लाग्छ?,select_one likelihood,
75,q3_8,q3_8,3.8 Likelihood of major political event within five years,"3.8.  How likely do you think Nepal will experience a major political event, movement or revolution within the next five years?","३.८ आगामी पाँच वर्षभित्र नेपालमा कुनै ठूलो राजनीतिक घटना, आन्दोलन वा राजनीतिक परिवर्तन हुने सम्भावना कत्तिको छ?",select_one likelihood,
76,q3_9,q3_9,3.9 Likelihood of new political force within five years,3.9.  How likely is a new political party or political force to emerge in the next five years?,३.९ आगामी पाँच वर्षमा नयाँ राजनीतिक दल वा राजनीतिक शक्ति उदाउने सम्भावना कत्तिको छ?,select_one likelihood,
78,q3_10_11,q3_10_11,Nepal stability risk: Corruption,3.10.1 Corruption poses a great risk to political stability in Nepal.,३.१०.१ भ्रष्टाचारले भविष्यमा नेपालको राजनीतिक स्थिरतामा ठूलो जोखिम निम्त्याउँन सक्छ ।,select_one agree5,
79,q3_10_11_001,q3_10_11_001,Nepal stability risk: Lack of accountability,3.10.2 lack of accountability poses a great risk to political stability in Nepal.,३.१०.२ जवाफदेहिताको कमीले भविष्यमा नेपालको राजनीतिक स्थिरतामा ठूलो जोखिम निम्त्याउँन सक्छ ।,select_one sn7om92,
80,q3_10_12,q3_10_12,Nepal stability risk: Unemployment/economic opportunities,3.10.3 Unemployment and lack of economic opportunities pose a great risk to political stability in Nepal.,३.१०.३ बेरोजगारी र आर्थिक अवसरको कमीले भविष्यमा नेपालको राजनीतिक स्थिरतामा ठूलो जोखिम निम्त्याउँन सक्छ ।,select_one agree5,
81,q3_10_13,q3_10_13,Nepal stability risk: Political exclusion,3.10.3 Political exclusion of certain groups poses a great risk to political stability in Nepal.,३.१०.४ राज्य संयत्रमा  सामवेशिताको कमीले भविष्यमा नेपालको राजनीतिक स्थिरतामा ठूलो जोखिम निम्त्याउँन सक्छ ।,select_one agree5,
82,q3_10_14,q3_10_14,Nepal stability risk: Rising cost of living,3.10.4 Rising cost of living poses a great risk to political stability in Nepal.,३.१०.५ बढ्दो महंगीले भविष्यमा  नेपालको राजनीतिक स्थिरतामा ठूलो जोखिम निम्त्याउँन सक्छ ।,select_one agree5,
83,q3_10_15,q3_10_15,Nepal stability risk: Social media misinformation,3.10.5 Misinformation through social media poses a great risk to political stability in Nepal.,३.१०.६ सामाजिक सञ्जालमार्फत फैलिने गलत/मिथ्य/भ्रामक  सूचनाले भविष्यमा नेपालको राजनीतिक स्थिरतामा ठूलो जोखिम निम्त्याउँन सक्छ ।,select_one agree5,
84,q3_10_16,q3_10_16,Nepal stability risk: Foreign/external influence,3.10.6 Influence of foreign/external forces poses a great risk to political stability in Nepal.,३.१०.७ विदेशी/बाह्य शक्तिको प्रभावले भविष्यमा नेपालको राजनीतिक स्थिरतामा ठूलो जोखिम निम्त्याउँन सक्छ ।,select_one agree5,
85,q3_10_17,q3_10_17,Nepal stability risk: Ethnic/religious conflict,3.10.7 Ethnic or religious tension/conflict poses a great risk to political stability in Nepal.,३.१०.८ जातीय वा धार्मिक तनाव/द्वन्द्वले भविष्यमा नेपालको राजनीतिक स्थिरतामा ठूलो जोखिम निम्त्याउँन सक्छ |,select_one agree5,
87,q3_11_1,q3_11_1,Nepal hope: Governance/anti-corruption reforms,3.11.1 I am hopeful for Nepal’s future because it had adopted better governance and anti-corruption reforms.,३.११.१ नेपालले सुशासन र भ्रष्टाचारविरोधी सुधारहरू अपनाएकोले म नेपालको भविष्यप्रति आशावादी छु।,select_one agree5,
88,q3_11_2,q3_11_2,Nepal hope: Youth political participation,3.11.2 I am hopeful about Nepal’s future because of greater youth participation in politics.,३.११.२ राजनीतिमा युवाहरूको बढ्दो सहभागिताका कारण म नेपालको भविष्यप्रति आशावादी छु।,select_one agree5,
89,q3_11_3,q3_11_3,Nepal hope: Improved democracy,3.11.3 I am hopeful about Nepal’s future because of the state of the democracy has improved.,३.११.३ लोकतन्त्रको अवस्था सुधार भएकोले म नेपालको भविष्यप्रति आशावादी छु।,select_one agree5,
90,q3_11_4,q3_11_4,Nepal hope: Economic/employment prospects,3.11.4 I am hopeful about Nepal’s future because economic and employment prospect is in increasing trend.,३.११.४ आर्थिक तथा रोजगारीका सम्भावना बढ्दो क्रममा रहेकाले म नेपालको भविष्यप्रति आशावादी छु।,select_one agree5,
93,q4_1,q4_1,4.1 Attention to September 8 Gen-Z protest and subsequent politics,4.1.  How closely have you followed the September 8 Gen-Z protest and the subsequent political happenings in Nepal?,४.१ भदौ २३ र २४  को Gen-Z आन्दोलन र त्यसपछि नेपालमा भएका राजनीतिक घटनाक्रमलाई तपाईंले कत्तिको नजिकबाट चासो राख्नु भएको  थियो ?,select_one follow_genz,
95,q4_2_1,q4_2_1,Gen-Z protest cause: Corruption,4.2.1 Widescale corruption are reasons behind the Gen-Z protest in Nepal.,४.२.१ व्यापक भ्रष्टाचार नेपालमा Gen-Z आन्दोलन हुनुका कारण हुन्।,select_one agree5,
96,q4_2_2,q4_2_2,Gen-Z protest cause: Poor public services,4.2.2 Poor public service delivery are reasons behind the Gen-Z protest in Nepal.,४.२.२ कमजोर सार्वजनिक सेवा प्रवाह नेपालमा Gen-Z आन्दोलन हुनुका कारण हुन्।,select_one agree5,
97,q4_2_3,q4_2_3,Gen-Z protest cause: Unemployment/economic opportunities,4.2.3 Unemployment and lack of economic opportunities reasons behind Gen-Z protest in Nepal.,४.२.३ बेरोजगारी र आर्थिक अवसरको कमी नेपालमा Gen-Z आन्दोलन हुनुका कारण हुन्।,select_one agree5,
98,q4_2_4,q4_2_4,Gen-Z protest cause: Rising cost of living,4.2.4 Rising cost of living is the reason behind Gen-Z protest in Nepal.,४.२.४ बढ्दो महंगी  नेपालमा Gen-Z आन्दोलन हुनुको कारण हो।,select_one agree5,
99,q4_2_5,q4_2_5,Gen-Z protest cause: Distrust of leaders/parties/institutions,"4.2.5 Lack of trust in political leaders, parties, and government institutions are the reasons behind Gen-Z protest in Nepal.","४.२.५ राजनीतिक नेता, दल र सरकारी संस्थाप्रतिको विश्वासको कमी नेपालमा Gen-Z आन्दोलन हुनुका कारण हुन्।",select_one agree5,
100,q4_2_6,q4_2_6,Gen-Z protest cause: Nepotism/elite capture,4.2.6 Nepotism and elite capture are the reasons behind Gen-Z protest in Nepal.,४.२.६ नातावाद र सीमित पहुचयोग्य  वर्गको वर्चस्वनै  नेपालमा Gen-Z आन्दोलन हुनुका कारण हुन्।,select_one agree5,
101,q4_2_7,q4_2_7,Gen-Z protest cause: Social media ban,4.2.7 Sudden ban of social media is the reason behind Gen-Z protest in Nepal.,४.२.७ सामाजिक सञ्जालमाथिको अचानक लगाइएको प्रतिबन्ध नेपालमा Gen-Z आन्दोलन हुनुको कारण हो।,select_one agree5,
102,q4_2_8,q4_2_8,Gen-Z protest cause: Foreign/external influence,4.2.8 External influence or outside forces is the major reason behind Gen-Z protest in Nepal.,४.२.८ बाह्य प्रभाव वा बाह्य शक्तिहरू नेपालमा Gen-Z आन्दोलन हुनुको प्रमुख कारण हो।,select_one agree5,
103,q4_3,q4_3,4.3 Gen-Z protest: turning point in political history,4.3.  To what extent do you agree that the recent Gen-Z protest represents a turning point in Nepal’s political history?,४.३ हालैको Gen-Z आन्दोलनले नेपालको राजनीतिक इतिहासमा एउटा महत्वपूर्ण मोड ल्याएको छ भन्ने कुरामा तपाईं कत्तिको सहमत हुनुहुन्छ?,select_one agree5,
104,q4_4,q4_4,4.4 Gen-Z protest: greater youth civic/political participation,4.4.  To what extent do you agree that the Gen-Z protest has encouraged greater civic and political participation among young people? Gen-Z,४.४ आन्दोलनले युवाहरूको सामाजिक  तथा राजनीतिक सहभागिता बढाउन प्रोत्साहन गरेको छ भन्ने कुरामा तपाईं कत्तिको सहमत हुनुहुन्छ?,select_one agree5,
105,q4_5,q4_5,4.5 Gen-Z protest: youth voices included in mainstream politics,4.5.  To what extent do you agree Gen-Z protest have led to inclusion of youth voices into mainstream politics? Gen-Z,४.५ आन्दोलनले युवाहरूका आवाजलाई मूलधारको राजनीतिमा समेट्न योगदान गरेको छ भन्ने कुरामा तपाईं कत्तिको सहमत हुनुहुन्छ?,select_one agree5,
106,q4_6,q4_6,4.6 Gen-Z protest: increased public support for RSP,4.6.  To what extent do you agree that the Gen Z protest contributed to the rise of public support for the Rastriya Swatantra Party (RSP)? Gen-Z,४.६ आन्दोलनले हालको बहुमत प्राप्त सरकार प्रति जनसमर्थन बढाउन योगदान गरेको छ भन्ने कुरामा तपाईं कत्तिको सहमत हुनुहुन्छ?,select_one agree5,
107,q4_7,q4_7,4.7 Current government represents youth interests,4.7.  To what extent do you agree that the current government represents the interests of the young generation in Nepal?,४.७ हालको सरकारले नेपालका युवापुस्ताको हितको प्रतिनिधित्व गर्छ भन्ने कुरामा तपाईं कत्तिको सहमत हुनुहुन्छ?,select_one agree5,
108,q4_8,q4_8,4.8 Government will continue to advance youth interests,4.8.  To what extent do you agree that the current government will continue to represent and advance the interest of young people?,४.८ हालको सरकारले आगामी दिनमा पनि युवाहरूको हितको प्रतिनिधित्व र प्रवर्द्धन गरिरहनेछ भन्ने कुरामा तपाईं कत्तिको सहमत हुनुहुन्छ?,select_one agree5,
111,q5_1,q5_1,5.1 Attention to protests in other Asian countries,"5.1.  How closely have you followed Gen-Z or other protests in other Asian countries Indonesia, Bangladesh, Sri Lanka, and India?","५.१ इन्डोनेसिया, बंगलादेश, श्रीलंका र भारतलगायत अन्य एसियाली देशहरूमा भएका Gen-Z वा अन्य आन्दोलनलाई तपाईंले कत्तिको नजिकबाट चासो  राख्नु भएको छ?",select_one south_follow,
113,q5_2_1,q5_2_1,South Asia dissent cause: Governance/corruption/public services,"5.2.1 Young people in South Asia are expressing their dissent against the existing political regime because of lack good governance, rampant corruption, and poor public service delivery.","५.२.१ दक्षिण एसियाका युवाहरूले सुशासनको कमी, व्यापक भ्रष्टाचार र कमजोर सार्वजनिक सेवा प्रवाहका कारण विद्यमान राजनीतिक व्यवस्थाप्रति असहमति व्यक्त गरिरहेका छन्।",select_one agree6,
114,q5_2_2,q5_2_2,South Asia dissent cause: Unemployment/economic opportunities,5.2.2 Young people in South Asia are expressing their dissent against the existing political regime because of unemployment and lack of economic opportunities.,५.२.२ दक्षिण एसियाका युवाहरूले बेरोजगारी र आर्थिक अवसरको कमीका कारण विद्यमान राजनीतिक व्यवस्थाप्रति असहमति व्यक्त गरिरहेका छन्।,select_one agree6,
115,q5_2_3,q5_2_3,South Asia dissent cause: Distrust of leaders/parties/institutions,"5.2.3 Young people in South Asia are expressing their dissent against the existing political regime because of lack of trust in political leaders, political parties, and government institutions","५.२.३ दक्षिण एसियाका युवाहरूले राजनीतिक नेता, दल र सरकारी संस्थाप्रतिको विश्वासको कमीका कारण विद्यमान राजनीतिक व्यवस्थाप्रति असहमति व्यक्त गरिरहेका छन्।",select_one agree6,
116,q5_2_4,q5_2_4,South Asia dissent cause: Political exclusion,5.2.4 Young people in South Asia are expressing their dissent against the existing political regime because of their exclusion from politics.,५.२.४ दक्षिण एसियाका युवाहरूले राजनीतिबाट आफूहरू बहिष्कृत भएको कारण विद्यमान राजनीतिक व्यवस्थाप्रति असहमति व्यक्त गरिरहेका छन्।,select_one agree6,
117,q5_2_5,q5_2_5,South Asia dissent cause: Nepotism/elite capture,5.2.5 Young people in South Asia are expressing their dissent against the existing political regime because of nepotism and elite capture.,५.२.५ दक्षिण एसियाका युवाहरूले नातावाद र पहुँचयोग्य वर्गको वर्चस्व  कारण विद्यमान राजनीतिक व्यवस्थाप्रति असहमति व्यक्त गरिरहेका छन्।,select_one agree6,
118,q5_2_6,q5_2_6,South Asia dissent cause: Foreign/external influence,5.2.6 Young people in South Asia are expressing their dissent against the existing political regime because of external or outside influence.,५.२.६ दक्षिण एसियाका युवाहरूले बाह्य प्रभावका कारण विद्यमान राजनीतिक व्यवस्थाप्रति असहमति व्यक्त गरिरहेका छन्।,select_one agree6,
120,q5_3,q5_3,5.3 Protests in one country encourage others in South Asia,5.3. To what extent do you agree with the following statement? Protest in one country has encouraged protests in other countries in South Asia.,५.३ तलका भनाइहरूसँग तपाईं कत्तिको सहमत हुनुहुन्छ? एउटा देशमा भएको आन्दोलनले दक्षिण एसियाका अन्य देशहरूमा पनि आन्दोलन गर्न प्रोत्साहन गरेको छ।,select_one agree5,
121,q5_4,q5_4,5.4 Political stability of South Asia today,5.4.  How would you rate the political stability of the entire South Asian region today?,५.४ आजको अवस्थामा समग्र दक्षिण एसियाली क्षेत्रको राजनीतिक स्थिरतालाई तपाईं कसरी मूल्याङ्कन गर्नुहुन्छ?,select_one south_stability,
122,q5_5,q5_5,5.5 Optimism for South Asian stability over next five years,"5.5.  Overall, how optimistic are you about political stability in South Asia over the next five years?","५.५ समग्रमा, आगामी पाँच वर्षमा दक्षिण एसियाली क्षेत्रको राजनीतिक स्थिरताबारे तपाईं कत्तिको आशावादी हुनुहुन्छ?",select_one optimism,
124,q5_6_1,q5_6_1,South Asia stability risk: Corruption/lack of accountability,5.6.1. Corruption/ lack of accountability poses a great risk to political stability in South Asia,५.६.१ भ्रष्टाचार/जवाफदेहिताको कमीले भविष्यमा दक्षिण एसियाली क्षेत्रको  राजनीतिक स्थिरतामा ठूलो जोखिम निम्त्याउन सक्छ,select_one agree5,
125,q5_6_2,q5_6_2,South Asia stability risk: Unemployment/economic opportunities,5.6.2 Unemployment and lack of economic opportunities pose a great risk to political stability in South Asia.,५.६.२ बेरोजगारी र आर्थिक अवसरको कमीले भविष्यमा दक्षिण एसियाली क्षेत्रको राजनीतिक स्थिरतामा ठूलो जोखिम निम्त्याउन सक्छ,select_one agree5,
126,q5_6_3,q5_6_3,South Asia stability risk: Political exclusion,5.6.3 Political exclusion of certain groups poses a great risk to political stability in South Asia.,५.६.३ सरकारी संयत्रमा समावेशिताको कमिले भविष्यमा दक्षिण एसियाली क्षेत्रको राजनीतिक स्थिरतामा ठूलो जोखिम निम्त्याउन सक्छ,select_one agree5,
127,q5_6_4,q5_6_4,South Asia stability risk: Rising cost of living,5.6.4 Rising cost of living poses a great risk to political stability in South Asia.,५.६.४ बढ्दो महंगीले भविष्यमा दक्षिण एसियाली क्षेत्रको राजनीतिक स्थिरतामा ठूलो जोखिम निम्त्याउन सक्छ,select_one agree5,
128,q5_6_5,q5_6_5,South Asia stability risk: Social media misinformation,5.6.5 Misinformation through social media poses a great risk to political stability in South Asia.,५.६.५ सामाजिक सञ्जालमार्फत फैलिने गलत/मिथ्य/भ्रामक  सूचनाले भविष्यमा दक्षिण एसियाली क्षेत्रको राजनीतिक स्थिरतामा ठूलो जोखिम निम्त्याउन सक्छ ।,select_one agree5,
129,q5_6_6,q5_6_6,South Asia stability risk: Foreign/external influence,5.6.6 Influence of foreign/external forces poses a great risk to political stability in South Asia.,५.६.६ विदेशी/बाह्य शक्तिको प्रभावले भविष्यमा दक्षिण एसियाली क्षेत्रको राजनीतिक स्थिरतामा ठूलो जोखिम निम्त्याउन सक्छ,select_one agree5,
130,q5_6_7,q5_6_7,South Asia stability risk: Ethnic/religious conflict,5.6.7 Ethnic or religious tension/conflict poses a great risk to political stability in South Asia.,५.६.७ जातीय वा धार्मिक तनाव/द्वन्द्वले भविष्यमा दक्षिण एसियाली क्षेत्रको राजनीतिक स्थिरतामा ठूलो जोखिम निम्त्याउन सक्छ,select_one agree5,
132,q5_7_1,q5_7_1,South Asia hope: Governance/anti-corruption reforms,5.7.1 I am hopeful for South Asia’s future because South Asian countries have adopted better governance and anti-corruption reforms.,५.७.१ दक्षिण एसियाली देशहरूले सुशासन र भ्रष्टाचारविरोधी सुधारहरू अपनाएकाले म दक्षिण एसियाली क्षेत्रको भविष्यप्रति आशावादी छु।,select_one agree5,
133,q5_7_2,q5_7_2,South Asia hope: Youth political participation,5.7.2 I am hopeful about South Asia’s future because of greater youth participation in politics in South Asia.,५.७.२ दक्षिण एसियाली राजनीतिमा युवाहरूको बढ्दो सहभागिताका कारण म दक्षिण एसियाली क्षेत्रको भविष्यप्रति आशावादी छु।,select_one agree5,
134,q5_7_3,q5_7_3,South Asia hope: Improved democracy,5.7.3 I am hopeful about South Asia’s future because of the state of the democracy has improved in South Asia.,५.७.३ दक्षिण एसियामा लोकतन्त्रको अवस्था सुधार भएकाले म दक्षिण एसियाली क्षेत्रको भविष्यप्रति आशावादी छु।,select_one agree5,
135,q5_7_4,q5_7_4,South Asia hope: Economic/employment prospects,5.7.4  I am hopeful about South Asia’s future because economic and employment prospect is in increasing trend.,५.७.४ आर्थिक तथा रोजगारीका सम्भावना बढ्दो क्रममा रहेकाले म दक्षिण एसियाली क्षेत्रको भविष्यप्रति आशावादी छु।,select_one agree5,
137,Record_your_current_location,gps_raw,Original GPS point: latitude longitude altitude accuracy,Record your current location,Location,geopoint,${consent_agree} = '1'
138,_Record_your_current_location_latitude,gps_latitude,GPS latitude (decimal degrees),_Record_your_current_location_latitude,,metadata,
139,_Record_your_current_location_longitude,gps_longitude,GPS longitude (decimal degrees),_Record_your_current_location_longitude,,metadata,
140,_Record_your_current_location_altitude,gps_altitude,GPS altitude (metres),_Record_your_current_location_altitude,,metadata,
141,_Record_your_current_location_precision,gps_accuracy,GPS horizontal accuracy (metres),_Record_your_current_location_precision,,metadata,
145,_id,submission_id,Submission ID (Kobo),_id,,metadata,
146,_uuid,submission_uuid,Submission UUID (Kobo),_uuid,,metadata,
147,_submission_time,submission_datetime_raw,"Submission date and time: source value, timezone unspecified",_submission_time,,metadata,
148,_validation_status,validation_status,Submission validation status,_validation_status,,metadata,
149,_notes,submission_notes,Submission notes,_notes,,metadata,
150,_status,submission_status,Submission status,_status,,metadata,
151,_submitted_by,submitted_by,Account submitting the response,_submitted_by,,metadata,
152,__version__,form_version,Form version identifier,__version__,,metadata,
153,_tags,submission_tags,Submission tags,_tags,,metadata,
154,meta/rootUuid,root_uuid,Root submission UUID,meta/rootUuid,,metadata,
155,_index,source_index,Original export row index,_index,,metadata,
